request,timestamp
Bathroom Request,1762639478
Bathroom Request,1762642071
Water Request,1762645251
Bathroom Request,1762645622
Water Request,1762644505
Bathroom Request,1762644981
Water Request,1762647961
HELP! Emergency,1762650404
Water Request,1762648688
Bathroom Request,1762652793
Food Request,1762653276
Food Request,1762657102
Bathroom Request,1762655331
HELP! Emergency,1762658702
Blanket Request,1762659874
Food Request,1762668174
Water Request,1762665842
Water Request,1762666858
Blanket Request,1762669731
Water Request,1762674199
Water Request,1762674676
Water Request,1762676428
Water Request,1762678220
Water Request,1762677571
Blanket Request,1762682796
Bathroom Request,1762684065
Water Request,1762684224
Bathroom Request,1762686302
Water Request,1762684173
Bathroom Request,1762686700
Bathroom Request,1762690470
Water Request,1762693063
Water Request,1762692008
Bathroom Request,1762694170
Water Request,1762692329
HELP! Emergency,1762693297
Bathroom Request,1762694570
Food Request,1762696114
Water Request,1762697153
Water Request,1762695828
Bathroom Request,1762697472
Water Request,1762699380
Water Request,1762699468
Bathroom Request,1762700900
Blanket Request,1762700931
Bathroom Request,1762701973
Blanket Request,1762703693
HELP! Emergency,1762707961
Bathroom Request,1762706228
Water Request,1762706326
Bathroom Request,1762706601
Bathroom Request,1762709768
HELP! Emergency,1762710654
Food Request,1762715866
Water Request,1762713147
Water Request,1762712841
Food Request,1762725131
Water Request,1762723374
Blanket Request,1762726126
Water Request,1762725942
HELP! Emergency,1762724029
Bathroom Request,1762727582
Bathroom Request,1762727306
Water Request,1762728736
Food Request,1762727730
Water Request,1762730439
Bathroom Request,1762733730
Water Request,1762734584
Food Request,1762740513
Water Request,1762739941
HELP! Emergency,1762737768
Water Request,1762738047
Water Request,1762746293
Water Request,1762749572
Water Request,1762748502
Bathroom Request,1762750606
Food Request,1762748443
Blanket Request,1762754388
Bathroom Request,1762752606
Water Request,1762755990
Water Request,1762758786
Water Request,1762757525
Food Request,1762756935
Blanket Request,1762755729
Water Request,1762760828
Food Request,1762762396
Water Request,1762762330
Water Request,1762759217
Bathroom Request,1762764777
Bathroom Request,1762763095
Water Request,1762765627
HELP! Emergency,1762763558
Food Request,1762764461
Food Request,1762769222
Bathroom Request,1762769497
Water Request,1762766446
Bathroom Request,1762766893
Water Request,1762769813
Bathroom Request,1762772897
Bathroom Request,1762771013
Water Request,1762771251
Water Request,1762775455
Water Request,1762779218
Blanket Request,1762778053
Bathroom Request,1762778904
Water Request,1762783424
Water Request,1762782268
Bathroom Request,1762781576
Food Request,1762781902
Bathroom Request,1762785429
Water Request,1762785317
Water Request,1762791100
Water Request,1762788281
Water Request,1762790307
Water Request,1762790974
Bathroom Request,1762789517
Bathroom Request,1762792401
Food Request,1762798115
Water Request,1762798032
Food Request,1762802016
Water Request,1762801142
Water Request,1762799724
Water Request,1762800967
Water Request,1762799686
Water Request,1762803523
Water Request,1762803186
Food Request,1762806058
Water Request,1762808441
Bathroom Request,1762806052
Bathroom Request,1762807202
Water Request,1762808649
Water Request,1762813117
Water Request,1762812870
Bathroom Request,1762811894
Water Request,1762811730
Bathroom Request,1762815082
HELP! Emergency,1762815698
Blanket Request,1762816905
Bathroom Request,1762823192
Blanket Request,1762820390
Water Request,1762821874
Food Request,1762824749
Food Request,1762827177
Water Request,1762825245
Water Request,1762824150
Water Request,1762829736
Bathroom Request,1762832383
Bathroom Request,1762831841
Bathroom Request,1762836305
Blanket Request,1762836964
Water Request,1762836343
Bathroom Request,1762838646
Food Request,1762843949
Food Request,1762846018
Water Request,1762847921
HELP! Emergency,1762848267
Water Request,1762847343
Water Request,1762849657
Water Request,1762852774
HELP! Emergency,1762849917
Water Request,1762851485
Blanket Request,1762854494
Water Request,1762853988
Bathroom Request,1762853326
HELP! Emergency,1762861318
Bathroom Request,1762864653
HELP! Emergency,1762866705
Water Request,1762865462
Bathroom Request,1762864985
Food Request,1762865008
Water Request,1762869003
Water Request,1762873876
Bathroom Request,1762873943
Bathroom Request,1762877196
Blanket Request,1762881045
HELP! Emergency,1762880901
Blanket Request,1762879130
Water Request,1762879787
Bathroom Request,1762880154
Water Request,1762882681
Water Request,1762884308
Food Request,1762884854
HELP! Emergency,1762882184
Food Request,1762886456
Bathroom Request,1762888953
Food Request,1762891214
HELP! Emergency,1762891240
Bathroom Request,1762889480
Water Request,1762889061
Water Request,1762893026
Food Request,1762895306
HELP! Emergency,1762895358
Water Request,1762899571
Water Request,1762896309
Bathroom Request,1762898354
Bathroom Request,1762897563
Food Request,1762897680
Bathroom Request,1762905045
Water Request,1762903676
Bathroom Request,1762904877
HELP! Emergency,1762909202
Water Request,1762908284
HELP! Emergency,1762909889
Water Request,1762909103
Water Request,1762913565
HELP! Emergency,1762913187
Water Request,1762910656
Food Request,1762917199
Food Request,1762914610
Bathroom Request,1762920978
Water Request,1762921097
Water Request,1762919232
Bathroom Request,1762919868
Water Request,1762924495
Blanket Request,1762923099
Bathroom Request,1762921464
Water Request,1762921328
HELP! Emergency,1762922604
Water Request,1762930219
Water Request,1762930075
Bathroom Request,1762933774
Water Request,1762932921
Bathroom Request,1762933788
Water Request,1762934556
Water Request,1762932920
Food Request,1762936957
Bathroom Request,1762936002
Blanket Request,1762937893
HELP! Emergency,1762936270
Bathroom Request,1762949036
Bathroom Request,1762947242
HELP! Emergency,1762947331
Water Request,1762947733
Bathroom Request,1762951521
Water Request,1762951202
Bathroom Request,1762955906
Bathroom Request,1762957466
Water Request,1762959475
HELP! Emergency,1762957767
Bathroom Request,1762960818
Bathroom Request,1762961722
Water Request,1762962345
Blanket Request,1762964695
Water Request,1762971885
Bathroom Request,1762974474
Food Request,1762971892
Bathroom Request,1762972987
HELP! Emergency,1762984723
Bathroom Request,1762985275
Water Request,1762983380
Water Request,1762992384
Bathroom Request,1762990420
Water Request,1762991178
HELP! Emergency,1762990251
Water Request,1762994722
Bathroom Request,1762994991
Blanket Request,1762996695
HELP! Emergency,1762995126
HELP! Emergency,1762995065
Water Request,1762998834
Bathroom Request,1763000017
Water Request,1762997736
Water Request,1762998600
Food Request,1763000710
Food Request,1763003897
Water Request,1763007200
Bathroom Request,1763005075
Water Request,1763006623
Food Request,1763005421
Bathroom Request,1763006866
Water Request,1763013034
HELP! Emergency,1763012101
Water Request,1763012803
Blanket Request,1763013114
Water Request,1763017575
Food Request,1763015787
Food Request,1763024763
Bathroom Request,1763022918
Bathroom Request,1763024457
Water Request,1763024897
Blanket Request,1763025242
Water Request,1763026279
Water Request,1763028411
Water Request,1763027621
Bathroom Request,1763033082
Water Request,1763034555
Food Request,1763043412
Blanket Request,1763043351
Water Request,1763042739
Food Request,1763043416
Food Request,1763045298
Water Request,1763049509
Water Request,1763049477
Bathroom Request,1763051732
Bathroom Request,1763060817
Food Request,1763064457
Bathroom Request,1763064311
Water Request,1763062045
Water Request,1763064299
HELP! Emergency,1763062280
Water Request,1763067257
HELP! Emergency,1763068306
Water Request,1763067315
Blanket Request,1763066783
Blanket Request,1763069781
Water Request,1763069290
Water Request,1763071011
Food Request,1763070929
Water Request,1763071488
HELP! Emergency,1763072517
Food Request,1763073685
HELP! Emergency,1763078820
Water Request,1763076825
Food Request,1763077515
Water Request,1763081951
Water Request,1763081979
Bathroom Request,1763085248
Water Request,1763085122
Bathroom Request,1763083461
Food Request,1763085733
Water Request,1763086187
Water Request,1763090150
Water Request,1763088934
Food Request,1763088274
Water Request,1763091056
Food Request,1763093370
Water Request,1763090869
Food Request,1763098329
Water Request,1763104116
Water Request,1763103166
Bathroom Request,1763102053
Water Request,1763104179
Bathroom Request,1763105426
Water Request,1763107544
Water Request,1763105628
Water Request,1763110014
Water Request,1763113246
Bathroom Request,1763113576
Water Request,1763112779
HELP! Emergency,1763118037
Bathroom Request,1763117848
Food Request,1763118600
Food Request,1763118967
Food Request,1763119740
HELP! Emergency,1763119833
Water Request,1763122136
Water Request,1763121711
HELP! Emergency,1763124508
Water Request,1763123578
Water Request,1763124671
Bathroom Request,1763123216
Water Request,1763128960
Food Request,1763127717
HELP! Emergency,1763129568
Food Request,1763138077
Water Request,1763140233
Water Request,1763140024
Water Request,1763139799
Bathroom Request,1763141830
Bathroom Request,1763143383
Water Request,1763142508
Water Request,1763142167
Water Request,1763141688
Water Request,1763145398
Water Request,1763150366
Water Request,1763153906
Blanket Request,1763153396
Water Request,1763153934
Bathroom Request,1763153364
Water Request,1763154503
Water Request,1763158821
Water Request,1763165429
Blanket Request,1763163687
Bathroom Request,1763164723
Water Request,1763164957
Water Request,1763167740
Water Request,1763168136
Bathroom Request,1763169105
Bathroom Request,1763168659
Water Request,1763171900
Bathroom Request,1763172047
Food Request,1763170552
Food Request,1763171202
Water Request,1763170297
Water Request,1763174602
Blanket Request,1763173913
Bathroom Request,1763183635
Food Request,1763181611
Water Request,1763190573
Bathroom Request,1763190562
Bathroom Request,1763190993
Bathroom Request,1763192538
Water Request,1763193571
Water Request,1763193896
HELP! Emergency,1763195345
Water Request,1763194892
Food Request,1763195900
Bathroom Request,1763200998
Bathroom Request,1763200542
Water Request,1763200451
Water Request,1763200391
Bathroom Request,1763201153
Water Request,1763204314
Bathroom Request,1763204363
HELP! Emergency,1763207528
Bathroom Request,1763209729
Food Request,1763212742
Water Request,1763212168
Water Request,1763209337
Water Request,1763219201
Water Request,1763219130
Food Request,1763220498
HELP! Emergency,1763220559
Water Request,1763223367
Water Request,1763221184
Food Request,1763227182
Food Request,1763224225
Water Request,1763226945
Water Request,1763228294
Blanket Request,1763227806
Bathroom Request,1763232574
Water Request,1763232836
Water Request,1763233211
Bathroom Request,1763233775
Water Request,1763232328
Blanket Request,1763242513
HELP! Emergency,1763245762.4743013
Water Request,1763245774.8958147
HELP! Emergency,1763245801.1297908
Bathroom Request,1763246799.0786896
HELP! Emergency,1763246803.6836934
HELP! Emergency,1763246841.6277082
Food Request,1763247048.050099
